{
    "satelliteDryMass": 33.567504415099656,
    "structureMass": 8.127295019397474,
    "propulsionMass": 1.4048302856048225,
    "ADCSMass": 1.1440000000000001,
    "avionicsMass": 1.3433545486607394,
    "thermalMass": 2.038540527592672,
    "EPSMass": 3.5892353309421465,
    "satelliteBOLPower": 37.13653328382624,
    "satDataRatePerOrbit": 112.128,
    "lifetime": 5,
    "numPlanes": 1,
    "numSats": 1,
    "instruments": [
        {
            "trl": 9,
            "mass": 12.1,
            "avgPower": 12.1,
            "dataRate": 112.128
        }
    ],
    "launchVehicle": {
        "height": 5.06,
        "diameter": 3.85,
        "cost": 45.0
    }
}