{
    "satelliteDryMass": 5.446536980963772,
    "structureMass": 1.3175126262294121,
    "propulsionMass": 0.0,
    "ADCSMass": 1.564,
    "avionicsMass": 0.21777068202139047,
    "thermalMass": 0.33046700996746,
    "EPSMass": 0.5079013217348131,
    "satelliteBOLPower": 5.462258145143465,
    "satDataRatePerOrbit": 80.0,
    "lifetime": 5,
    "numPlanes": 1,
    "numSats": 1,
    "instruments": [
        {
            "trl": 9,
            "mass": 1.0,
            "avgPower": 1.0,
            "dataRate": 80.0
        }
    ],
    "launchVehicle": {
        "height": 3.5,
        "diameter": 2.38,
        "cost": 20.0
    }
}