{
    "satelliteDryMass": 10.599907296597706,
    "structureMass": 2.5636656703406997,
    "propulsionMass": 0.4431382356939476,
    "ADCSMass": 0.34600000000000003,
    "avionicsMass": 0.42374639179185125,
    "thermalMass": 0.6430351495441342,
    "EPSMass": 3.8184486533311484,
    "satelliteBOLPower": 45.906784686648685,
    "satDataRatePerOrbit": 102400.0,
    "lifetime": 5,
    "numPlanes": 1,
    "numSats": 1,
    "instruments": [
        {
            "trl": 9,
            "mass": 1.75,
            "avgPower": 1.75,
            "dataRate": 102400.0
        }
    ],
    "launchVehicle": {
        "height": 5.06,
        "diameter": 3.85,
        "cost": 45.0
    }
}