{
    "satelliteDryMass": 9.406210018235004,
    "structureMass": 2.2742324443736237,
    "propulsionMass": 0.0,
    "ADCSMass": 4.014,
    "avionicsMass": 0.3759061891526651,
    "thermalMass": 0.5704376420391692,
    "EPSMass": 0.5836806480932154,
    "satelliteBOLPower": 5.458309815920218,
    "satDataRatePerOrbit": 80.0,
    "lifetime": 5,
    "numPlanes": 1,
    "numSats": 1,
    "instruments": [
        {
            "trl": 9,
            "mass": 1.0,
            "avgPower": 1.0,
            "dataRate": 80.0
        }
    ],
    "launchVehicle": {
        "height": 3.5,
        "diameter": 2.38,
        "cost": 20.0
    }
}