{
    "satelliteDryMass": 12.751425819921293,
    "structureMass": 3.084552214653733,
    "propulsionMass": 0.0,
    "ADCSMass": 4.582,
    "avionicsMass": 0.5098433412650798,
    "thermalMass": 0.7736872703697586,
    "EPSMass": 1.1464213230001798,
    "satelliteBOLPower": 12.296543892910531,
    "satDataRatePerOrbit": 6.0,
    "lifetime": 5,
    "numPlanes": 1,
    "numSats": 1,
    "instruments": [
        {
            "trl": 9,
            "mass": 2.0,
            "avgPower": 2.0,
            "dataRate": 6.0
        }
    ],
    "launchVehicle": {
        "height": 3.5,
        "diameter": 2.38,
        "cost": 20.0
    }
}