{
    "satelliteDryMass": 9.405867862333404,
    "structureMass": 2.27414980341688,
    "propulsionMass": 0.0,
    "ADCSMass": 4.014,
    "avionicsMass": 0.3758925294903934,
    "thermalMass": 0.570416913501672,
    "EPSMass": 0.5834623511792605,
    "satelliteBOLPower": 5.455393051337217,
    "satDataRatePerOrbit": 80.0,
    "lifetime": 5,
    "numPlanes": 1,
    "numSats": 1,
    "instruments": [
        {
            "trl": 9,
            "mass": 1.0,
            "avgPower": 1.0,
            "dataRate": 80.0
        }
    ],
    "launchVehicle": {
        "height": 3.5,
        "diameter": 2.38,
        "cost": 20.0
    }
}