{
    "satelliteDryMass": 12.69490500054674,
    "structureMass": 3.049107630873485,
    "propulsionMass": 0.0,
    "ADCSMass": 4.582,
    "avionicsMass": 0.5039847323757827,
    "thermalMass": 0.7647968313802501,
    "EPSMass": 1.1430234397293328,
    "satelliteBOLPower": 12.290080826572794,
    "satDataRatePerOrbit": 6.0,
    "lifetime": 5,
    "numPlanes": 1,
    "numSats": 1,
    "instruments": [
        {
            "trl": 9,
            "mass": 2.0,
            "avgPower": 2.0,
            "dataRate": 6.0
        }
    ],
    "launchVehicle": {
        "height": 3.5,
        "diameter": 2.38,
        "cost": 20.0
    }
}