{
    "satelliteDryMass": 11.111309284413888,
    "structureMass": 2.687474911829212,
    "propulsionMass": 0.0,
    "ADCSMass": 4.1979999999999995,
    "avionicsMass": 0.44421072922796895,
    "thermalMass": 0.6740897816034429,
    "EPSMass": 0.8854284971392798,
    "satelliteBOLPower": 9.149282393115303,
    "satDataRatePerOrbit": 480.0,
    "lifetime": 5,
    "numPlanes": 1,
    "numSats": 1,
    "instruments": [
        {
            "trl": 9,
            "mass": 1.6,
            "avgPower": 1.6,
            "dataRate": 480.0
        }
    ],
    "launchVehicle": {
        "height": 3.5,
        "diameter": 2.38,
        "cost": 20.0
    }
}