{
    "satelliteDryMass": 10.874771363018926,
    "structureMass": 2.6294041232619874,
    "propulsionMass": 0.0,
    "ADCSMass": 4.582,
    "avionicsMass": 0.4346122517788409,
    "thermalMass": 0.659524092074391,
    "EPSMass": 0.7519247700142855,
    "satelliteBOLPower": 7.374048495943677,
    "satDataRatePerOrbit": 13.312,
    "lifetime": 5,
    "numPlanes": 1,
    "numSats": 1,
    "instruments": [
        {
            "trl": 9,
            "mass": 1.2,
            "avgPower": 1.2,
            "dataRate": 13.312
        }
    ],
    "launchVehicle": {
        "height": 3.5,
        "diameter": 2.38,
        "cost": 20.0
    }
}