{
    "satelliteDryMass": 15.301069782816144,
    "structureMass": 3.699780685526952,
    "propulsionMass": 0.0,
    "ADCSMass": 3.9859999999999998,
    "avionicsMass": 0.6115339976077607,
    "thermalMass": 0.9280028413697768,
    "EPSMass": 3.619985259507774,
    "satelliteBOLPower": 45.71334470833183,
    "satDataRatePerOrbit": 102400.0,
    "lifetime": 5,
    "numPlanes": 1,
    "numSats": 1,
    "instruments": [
        {
            "trl": 9,
            "mass": 1.75,
            "avgPower": 1.75,
            "dataRate": 102400.0
        }
    ],
    "launchVehicle": {
        "height": 3.5,
        "diameter": 2.38,
        "cost": 20.0
    }
}