{
    "satelliteDryMass": 10.664312616323256,
    "structureMass": 2.578337057569667,
    "propulsionMass": 0.0,
    "ADCSMass": 4.582,
    "avionicsMass": 0.42617141447432516,
    "thermalMass": 0.6467151214647884,
    "EPSMass": 0.7180033155773129,
    "satelliteBOLPower": 6.964379135057917,
    "satDataRatePerOrbit": 24.576,
    "lifetime": 5,
    "numPlanes": 1,
    "numSats": 1,
    "instruments": [
        {
            "trl": 9,
            "mass": 1.1,
            "avgPower": 1.1,
            "dataRate": 24.576
        }
    ],
    "launchVehicle": {
        "height": 3.5,
        "diameter": 2.38,
        "cost": 20.0
    }
}