{
    "satelliteDryMass": 10.66372207882577,
    "structureMass": 2.578194424975705,
    "propulsionMass": 0.0,
    "ADCSMass": 4.582,
    "avionicsMass": 0.4261478388389595,
    "thermalMass": 0.646679345438121,
    "EPSMass": 0.7176265501535053,
    "satelliteBOLPower": 6.959345015298278,
    "satDataRatePerOrbit": 24.576,
    "lifetime": 5,
    "numPlanes": 1,
    "numSats": 1,
    "instruments": [
        {
            "trl": 9,
            "mass": 1.1,
            "avgPower": 1.1,
            "dataRate": 24.576
        }
    ],
    "launchVehicle": {
        "height": 3.5,
        "diameter": 2.38,
        "cost": 20.0
    }
}