{
    "satelliteDryMass": 12.750667654590721,
    "structureMass": 3.084369094888753,
    "propulsionMass": 0.0,
    "ADCSMass": 4.582,
    "avionicsMass": 0.5098130735353311,
    "thermalMass": 0.7736413390898649,
    "EPSMass": 1.1459376103091072,
    "satelliteBOLPower": 12.290080826572794,
    "satDataRatePerOrbit": 6.0,
    "lifetime": 5,
    "numPlanes": 1,
    "numSats": 1,
    "instruments": [
        {
            "trl": 9,
            "mass": 2.0,
            "avgPower": 2.0,
            "dataRate": 6.0
        }
    ],
    "launchVehicle": {
        "height": 3.5,
        "diameter": 2.38,
        "cost": 20.0
    }
}